st_data,P,A,D,Label
33.058751125135935,-4.0,3.0,-4.0,Sad
33.053713155979985,,,,
33.04773184612501,,,,
33.040399778434356,,,,
33.03171190106454,,,,
33.0253217069544,,,,
33.0214886786798,,,,
33.018444971555674,,,,
33.017182042737744,,,,
33.01543825810647,,,,
33.013061924578125,,,,
33.012040808839565,,,,
33.01190368537497,,,,
33.01101293765327,,,,
33.009482306581795,,,,
33.00779069603454,,,,
33.00557085707043,,,,
33.00430197945438,,,,
33.00406654158825,,,,
33.0038429465842,,,,
33.00397144761309,,,,
33.00376317350552,,,,
33.00305827089364,,,,
33.00243863213471,,,,
33.001695243754,,,,
33.00099446982787,,,,
33.000390231717965,,,,
32.99961829506396,,,,
32.998719304613424,,,,
32.997681898770324,,,,
32.99645638954675,,,,
32.995067404684896,,,,
32.99348782051653,,,,
32.99166300858795,,,,
32.98957650461657,,,,
32.98721709032967,,,,
32.98455763705607,,,,
32.985768182236406,,,,
32.99125857491931,,,,
32.9990441513578,,,,
33.010323806969645,,,,
33.02268302390376,,,,
33.03601872948545,,,,
33.05262431247279,,,,
33.07205435760476,,,,
33.08328218541718,,,,
33.08555786254904,,,,
33.08383017745324,,,,
33.07506473568498,,,,
33.06629013214763,,,,
33.05785401864517,,,,
33.04356627952307,,,,
33.02482162751838,,,,
33.00976016023562,,,,
32.99829340785051,,,,
32.987402697375586,,,,
32.979076225869214,,,,
32.966852248524845,,,,
32.95034806458077,,,,
32.93441036145662,,,,
32.91759716550521,,,,
32.90650917612236,,,,
32.90234644064092,,,,
32.90098870787489,,,,
32.90448302014262,,,,
32.91022349027736,,,,
32.91800788793863,,,,
32.931033868626216,,,,
32.94887783240239,,,,
32.96200111671556,,,,
32.97006869245501,,,,
32.977467151634684,,,,
32.98175960826201,,,,
32.989466374052355,,,,
33.00108481841026,,,,
33.011342235858265,,,,
33.02169795075263,,,,
33.029118841635196,,,,
33.03266764935395,,,,
33.03477852926799,,,,
33.03438310717556,,,,
33.03194192780312,,,,
33.02753330633192,,,,
33.019890513197666,,,,
33.00900797368441,,,,
32.9998938311302,,,,
32.99270838834879,,,,
32.984941258049595,,,,
32.9778311752109,,,,
32.96800565745203,,,,
32.95512668081914,,,,
32.94186036734178,,,,
32.92739856531511,,,,
32.91787003010983,,,,
32.914177613864744,,,,
32.912846488997744,,,,
32.91571729647507,,,,
32.91983814651566,,,,
32.925020998990696,,,,
32.934424990222766,,,,
32.9475240189049,,,,
32.955568695738904,,,,
32.958236611824695,,,,
32.95942582941991,,,,
32.9568732370625,,,,
32.95658963079958,,,,
32.95898247709037,,,,
32.95914911326394,,,,
32.958400632657536,,,,
32.95602079497936,,,,
32.95132602864641,,,,
32.94553372700354,,,,
32.938238571128004,,,,
32.928607197636296,,,,
32.91663298154807,,,,
32.90228651044702,,,,
32.88530837907785,,,,
32.878241326100216,,,,
32.88221988501208,,,,
32.89108043581913,,,,
32.908344868425935,,,,
32.92669312820583,,,,
32.94570224308388,,,,
32.972155671160934,,,,
33.00461741744978,,,,
33.024564590003905,,,,
33.031156505083835,,,,
33.032286933978014,,,,
33.02302283648633,,,,
33.01595725225036,,,,
33.01175031588372,,,,
32.99984288891781,,,,
32.9828329922891,,,,
32.97290758173212,,,,
32.96986885758238,,,,
32.969623546487284,,,,
32.975178329675714,,,,
32.97663291754293,,,,
32.97352484231935,,,,
32.97329787874432,,,,
32.97381341045263,,,,
32.97496881161777,,,,
32.9776022531968,,,,
32.98028209124167,,,,
32.98321181378283,,,,
32.98836566597228,,,,
32.99569955848117,,,,
33.004478346237164,,,,
33.01516481512017,,,,
33.02222963599196,,,,
33.025159199447344,,,,
33.02695410715736,,,,
33.026099296671035,,,,
33.02563443444157,,,,
33.025827056927795,,,,
33.02385435724512,,,,
33.0203620136339,,,,
33.01754717026398,,,,
33.015224078809126,,,,
33.01275561655624,,,,
33.010616782621426,,,,
33.00680250796159,,,,
33.00118990813351,,,,
32.99513355712807,,,,
32.988161754271964,,,,
32.98224614640825,,,,
32.977695275857634,,,,
32.973217011168074,,,,
32.969386136058624,,,,
32.965357855625484,,,,
32.96102447786673,,,,
32.95731243020075,,,,
32.95404492711529,,,,
32.95450178849161,,,,
32.959174911623364,,,,
32.96643969305284,,,,
32.977322084709776,,,,
32.99019559421376,,,,
33.00504448205982,,,,
33.023662518274506,,,,
33.04581594134583,,,,
33.05604749940022,,,,
33.05313568343741,,,,
33.04428762405868,,,,
33.02519834358793,,,,
33.00537225555026,,,,
32.98529950007728,,,,
32.956413077466856,,,,
32.92058091312197,,,,
32.90033264443262,,,,
32.89667010595865,,,,
32.90008136553704,,,,
32.91656951758191,,,,
32.93072272880034,,,,
32.94175414701096,,,,
32.96256334758441,,,,
32.98997883034336,,,,
33.00658278218979,,,,
33.01235872331096,,,,
33.013495916396124,,,,
33.00558634571147,,,,
33.002185698437955,,,,
33.00391203218446,,,,
33.00026956074687,,,,
32.99413322855903,,,,
32.98892848842547,,,,
32.983729494448994,,,,
32.97885487597826,,,,
32.974903283286594,,,,
32.96712330339913,,,,
32.955414157860105,,,,
32.94255093940117,,,,
32.927455463117596,,,,
32.92148691493656,,,,
32.925974019401124,,,,
32.9347489946082,,,,
32.95107412648586,,,,
32.96907335400124,,,,
32.988332041188734,,,,
33.01469843956193,,,,
33.0470384846583,,,,
33.060140330644245,,,,
33.05238482858091,,,,
33.03500667168733,,,,
33.001108783861845,,,,
32.966854583748805,,,,
32.933053661653645,,,,
32.88556241522829,,,,
32.82760713680748,,,,
32.79355751262072,,,,
32.78485795723774,,,,
32.78728793241625,,,,
32.810004693068144,,,,
32.82925071968815,,,,
32.843877534075496,,,,
32.87370327718165,,,,
32.91386450161019,,,,
32.93477851755538,,,,
32.93613737480486,,,,
32.928790973346,,,,
32.9051518468226,,,,
32.88770453258155,,,,
32.87746780091109,,,,
32.85674739572418,,,,
32.83026624156065,,,,
32.81906573184104,,,,
32.82308478680838,,,,
32.83557946668108,,,,
32.86194509176675,,,,
32.88536180484466,,,,
32.9052793695237,,,,
32.934752542341535,,,,
32.97033750605051,,,,
32.99273838400712,,,,
33.001644522324945,,,,
33.003878516570026,,,,
32.99438999811828,,,,
32.98789602217536,,,,
32.9849320995995,,,,
32.97376119987695,,,,
32.957379914055736,,,,
32.944037011929204,,,,
32.93302023943265,,,,
32.92234279588196,,,,
32.91384752045535,,,,
32.899486178805184,,,,
32.87889085704218,,,,
32.857512358222905,,,,
32.83352725434362,,,,
32.82358767522601,,,,
32.82988099774034,,,,
32.843241588955514,,,,
32.868564514959715,,,,
32.897580675011504,,,,
32.92975823744024,,,,
32.97366510214656,,,,
33.02778359853013,,,,
33.057970534330856,,,,
33.06222677129707,,,,
33.055884109024404,,,,
33.029725480824915,,,,
33.00595209562634,,,,
32.98580457874395,,,,
32.95017638467443,,,,
32.90361709804516,,,,
32.87562091632221,,,,
32.86651168362101,,,,
32.865240143000065,,,,
32.879343024871226,,,,
32.88660372501282,,,,
32.885946880067806,,,,
32.89485864759269,,,,
32.90863529072905,,,,
32.91788279195821,,,,
32.92381103219276,,,,
32.927702034384296,,,,
32.92752418803823,,,,
32.9333155929992,,,,
32.945366355257825,,,,
32.95707441517119,,,,
32.9706502660506,,,,
32.97773691450098,,,,
32.976894792781984,,,,
32.973677504083575,,,,
32.96559123476085,,,,
32.95579455297389,,,,
32.94468314366371,,,,
32.92844813537724,,,,
32.90769515384202,,,,
32.89656985644505,,,,
32.89582260138132,,,,
32.899071347922074,,,,
32.91008618336236,,,,
32.919657085552835,,,,
32.92722910986721,,,,
32.94064961294869,,,,
32.95799767640793,,,,
32.96861969075951,,,,
32.97250100466937,,,,
32.973429108840364,,,,
32.96870629098925,,,,
32.96656703369252,,,,
32.967382939111914,,,,
32.96475846887492,,,,
32.960434873751694,,,,
32.95811196010075,,,,
32.957385286671574,,,,
32.9576823138927,,,,
32.95983220770758,,,,
32.96000877913405,,,,
32.958111757049345,,,,
32.956718910951054,,,,
32.9550023814184,,,,
32.95210282546336,,,,
32.94817869288355,,,,
32.943030956098426,,,,
32.936450168401535,,,,
32.9295871128838,,,,
32.9223922016057,,,,
32.91409042295176,,,,
32.90488715321745,,,,
32.89804640112187,,,,
32.893801414528326,,,,
32.890742668667066,,,,
32.88978387826409,,,,
32.88878683589393,,,,
32.887667600194696,,,,
32.888313017644904,,,,
32.890311189990896,,,,
32.8909792509377,,,,
32.89033197328193,,,,
32.88940294419736,,,,
32.887534854748374,,,,
32.88683337413974,,,,
32.88743120117114,,,,
32.88774259867914,,,,
32.88824092658069,,,,
32.89213546049239,,,,
32.89958744022777,,,,
32.90943869620533,,,,
32.92258470869966,,,,
32.93681208573822,,,,
32.952085999325384,,,,
32.970329482849245,,,,
32.99114042804736,,,,
33.00044359239913,,,,
32.99709911621162,,,,
32.987490820340525,,,,
32.96765578494517,,,,
32.94626961368673,,,,
32.923704846580804,,,,
32.892071526452305,,,,
32.853023254864375,,,,
32.82957545615563,,,,
32.822842391920595,,,,
32.82291379716807,,,,
32.835942404863445,,,,
32.846354337070984,,,,
32.85332475142605,,,,
32.86996465319005,,,,
32.89306402963784,,,,
32.90753770501351,,,,
32.913644944667375,,,,
32.9164634098571,,,,
32.912281015013434,,,,
32.913368226770785,,,,
32.92030834338553,,,,
32.92389520362301,,,,
32.926787876424534,,,,
32.931024835801956,,,,
32.935774795659,,,,
32.941933104654765,,,,
32.94981240181411,,,,
32.95589162572976,,,,
32.96019977352438,,,,
32.96470941985352,,,,
32.96866603747109,,,,
32.969821650625555,,,,
32.96806964554934,,,,
32.96388283695149,,,,
32.95658329221455,,,,
32.947970265553906,,,,
32.93797014115425,,,,
32.92501547061711,,,,
32.90937685808229,,,,
32.89834689756445,,,,
32.892387136413376,,,,
32.88816370197122,,,,
32.88765640685899,,,,
32.886091565053874,,,,
32.88319226139677,,,,
32.883065144916294,,,,
32.88472591397381,,,,
32.889813559824574,,,,
32.89907555039289,,,,
32.911148417552084,,,,
32.92673296806968,,,,
32.94603010370116,,,,
32.969111806543324,,,,
32.99663142989313,,,,
33.02878591556198,,,,
33.05010986683025,,,,
33.059310460453446,,,,
33.06394596969726,,,,
33.05972441350441,,,,
33.05592276258387,,,,
33.053110456169094,,,,
33.042877594970854,,,,
33.02709024845025,,,,
33.0177828819281,,,,
33.01492373922437,,,,
33.013941106415466,,,,
33.01781063890355,,,,
33.017243848064076,,,,
33.01169686745102,,,,
33.008255994348154,,,,
33.00486971938221,,,,
32.9976327165069,,,,
32.98693731814727,,,,
32.973163181140926,,,,
32.95538241118951,,,,
32.93757845158768,,,,
32.919756745815256,,,,
32.899124115692665,,,,
32.87647177031805,,,,
32.86160685859386,,,,
32.855206203860476,,,,
32.85319686595783,,,,
32.858335235741194,,,,
32.86417802893528,,,,
32.87052180460287,,,,
32.88307545063919,,,,
32.900628498276895,,,,
32.91113689366015,,,,
32.914263883033875,,,,
32.915022299813565,,,,
32.91029918616775,,,,
32.90876207731963,,,,
32.9109195023382,,,,
32.9098119287177,,,,
32.9073031202949,,,,
32.908222289104685,,,,
32.91219908405207,,,,
32.91821916171185,,,,
32.92740835505385,,,,
32.93519544227418,,,,
32.94145020205354,,,,
32.949381214469646,,,,
32.95801295838155,,,,
32.96223400350307,,,,
32.961856622794485,,,,
32.958583836644806,,,,
32.951004038848986,,,,
32.942885391079805,,,,
32.934280132967125,,,,
32.92202162365923,,,,
32.90680663259828,,,,
32.89594386241916,,,,
32.889696414045105,,,,
32.88500775997399,,,,
32.88379720574062,,,,
32.88087107731631,,,,
32.875943452425645,,,,
32.873250154629396,,,,
32.8716943525102,,,,
32.871899213643005,,,,
32.87447931580876,,,,
32.878434142253624,,,,
32.88413571314862,,,,
32.89236174187512,,,,
32.903151845123766,,,,
32.91654103873855,,,,
32.932790966330536,,,,
32.94390580335132,,,,
32.94922340423912,,,,
32.952791658202116,,,,
32.95241690134273,,,,
32.95284266469376,,,,
32.954412015295325,,,,
32.95285134420716,,,,
32.94914719348132,,,,
32.947422113012195,,,,
32.94747912807684,,,,
32.947980227936725,,,,
32.9498780748715,,,,
32.94964609695572,,,,
32.947079945723125,,,,
32.94468944560667,,,,
32.94167017872811,,,,
32.940497542156265,,,,
32.94166274276677,,,,
32.94340582941214,,,,
32.94648372757232,,,,
32.95005409054373,,,,
32.95399042879257,,,,
32.959394142129014,,,,
32.96610480019202,,,,
32.96941118930324,,,,
32.96904026194407,,,,
32.96714213677332,,,,
32.962452416233425,,,,
32.9579889026292,,,,
32.9539321495115,,,,
32.947680903785184,,,,
32.939859431898675,,,,
32.93411761614702,,,,
32.930465225625355,,,,
32.92757656618163,,,,
32.9263741214172,,,,
32.92405226456039,,,,
32.9204766111435,,,,
32.917825968625834,,,,
32.915502756469266,,,,
32.91480776966754,,,,
32.91613956786982,,,,
32.91848963177161,,,,
32.9223191551867,,,,
32.927459171204944,,,,
32.933890528522404,,,,
32.942150903973015,,,,
32.952258498772224,,,,
32.96023619908041,,,,
32.96583507939541,,,,
32.971006712981854,,,,
32.97469432820302,,,,
32.979405416494124,,,,
32.985331791145605,,,,
32.99032407251687,,,,
32.994925749328715,,,,
32.99427179604415,,,,
32.98757683428429,,,,
32.977468500861264,,,,
32.962428550592435,,,,
32.94468843892128,,,,
32.9243134908764,,,,
32.898751881588026,,,,
32.86833481415096,,,,
32.85193859825919,,,,
32.850981713840625,,,,
32.85667288736307,,,,
32.87423071035969,,,,
32.89194225827408,,,,
32.90917546538017,,,,
32.936385627310194,,,,
32.97124025792805,,,,
32.99003520420529,,,,
32.991906365636375,,,,
32.986623582223146,,,,
32.967937762657016,,,,
32.95244096168153,,,,
32.94097995293544,,,,
32.91988500147044,,,,
32.892602523085735,,,,
32.87660108386409,,,,
32.87184572644725,,,,
32.87233997262392,,,,
32.882509239712704,,,,
32.88860467934203,,,,
32.89005003155293,,,,
32.897468662348395,,,,
32.90796917113349,,,,
32.91616638464269,,,,
32.92281278521013,,,,
32.928512680327394,,,,
32.93211262405164,,,,
32.93955994663832,,,,
32.951013232160705,,,,
32.962603058388055,,,,
32.97563815342413,,,,
32.983950678399836,,,,
32.98657319021656,,,,
32.987367033671426,,,,
32.98450656867487,,,,
32.98056859225562,,,,
32.975816629073194,,,,
32.9673261631396,,,,
32.95558588511104,,,,
32.945357325471456,,,,
32.936600418898934,,,,
32.927285427377164,,,,
32.91853978656002,,,,
32.90676725124304,,,,
32.89166900588981,,,,
32.87591890624739,,,,
32.8586640205726,,,,
32.84841679642463,,,,
32.846303878108074,,,,
32.84769365371846,,,,
32.85510245773656,,,,
32.86422136703002,,,,
32.87479357440837,,,,
32.89126228221406,,,,
32.91284445445137,,,,
32.92496909073859,,,,
32.926925336320096,,,,
32.92520677814725,,,,
32.91594977091481,,,,
32.90888809056263,,,,
32.904610365394525,,,,
32.89494080946063,,,,
32.88192847891969,,,,
32.87392548200887,,,,
32.870692002020675,,,,
32.86962255001785,,,,
32.87275115334805,,,,
32.87310062187573,,,,
32.87037037124609,,,,
32.86972999274681,,,,
32.869674987826336,,,,
32.868050909292776,,,,
32.86521539213977,,,,
32.86112974757779,,,,
32.85531992758049,,,,
32.850352636956394,,,,
32.846227295153554,,,,
32.841265136640104,,,,
32.835991791228764,,,,
32.836110111052534,,,,
32.8420355674829,,,,
32.85146611827581,,,,
32.86602693955749,,,,
32.88197707730603,,,,
32.899231207981,,,,
32.921145207236535,,,,
32.947040377393606,,,,
32.962840661706004,,,,
32.96764829541173,,,,
32.967723868608736,,,,
32.9592169001318,,,,
32.95126317356124,,,,
32.944323264549126,,,,
32.9304482590342,,,,
32.911470260688766,,,,
32.90166433629443,,,,
32.9013343934552,,,,
32.904867113102014,,,,
32.91594983060633,,,,
32.92412741719995,,,,
32.928864842075036,,,,
32.93852158389358,,,,
32.950887443101585,,,,
32.959302319941074,,,,
32.964142321218766,,,,
32.96707416910247,,,,
32.966512532458765,,,,
32.96850262201287,,,,
32.9732477225961,,,,
32.97641908931162,,,,
32.97931127757118,,,,
32.97748999201041,,,,
32.97003125067376,,,,
32.95991384159709,,,,
32.94573208429029,,,,
32.928891602005876,,,,
32.90952911980977,,,,
32.88563055007489,,,,
32.8573965054076,,,,
32.841710304712464,,,,
32.83986505266294,,,,
32.8439409529118,,,,
32.858609283468326,,,,
32.87351490588263,,,,
32.88809224967715,,,,
32.91163689603885,,,,
32.94209091433981,,,,
32.96056398313332,,,,
32.9665215706528,,,,
32.9676461547446,,,,
32.959025795443885,,,,
32.9541677787037,,,,
32.953793143491694,,,,
32.94696703032248,,,,
32.93654115432584,,,,
32.930689220366965,,,,
32.92884235247147,,,,
32.92903095162509,,,,
32.93315366316041,,,,
32.93360512871489,,,,
32.93010627289695,,,,
32.92799373155713,,,,
32.92560989088987,,,,
32.92216855864691,,,,
32.91812876440116,,,,
32.9126651951188,,,,
32.905657737381794,,,,
32.898902314746856,,,,
32.89230470043737,,,,
32.88485843030498,,,,
32.87690482102437,,,,
32.87426764719658,,,,
32.87745413815186,,,,
32.88397248374477,,,,
32.895506128399305,,,,
32.908388868908375,,,,
32.922527254575165,,,,
32.941299158465306,,,,
32.96404717749116,,,,
32.9761463357872,,,,
32.97666031414157,,,,
32.97213211687021,,,,
32.95856522175103,,,,
32.94542429185615,,,,
32.93319797303336,,,,
32.91364957280554,,,,
32.88868319296969,,,,
32.871313442264345,,,,
32.86167605201029,,,,
32.85479377136583,,,,
32.85397294734617,,,,
32.849406841166456,,,,
32.84058070230916,,,,
32.83517445157733,,,,
32.831084008581705,,,,
32.82820142181567,,,,
32.827447900619944,,,,
32.827457051875875,,,,
32.82848653305829,,,,
32.83260035429106,,,,
32.839816698501764,,,,
32.849444903002464,,,,
32.86201554024101,,,,
32.86895167233943,,,,
32.869480008223405,,,,
32.86812077416783,,,,
32.862514766326015,,,,
32.857538015436184,,,,
32.85358030308854,,,,
32.846162899849446,,,,
32.836307459771675,,,,
32.833348195435335,,,,
32.837589166114995,,,,
32.84527638443727,,,,
32.85886430240591,,,,
32.87180213925685,,,,
32.883775577763814,,,,
32.90017462444901,,,,
32.919648683917025,,,,
32.929876417555995,,,,
32.93031798981912,,,,
32.9258905835853,,,,
32.9132712818318,,,,
32.90100648070085,,,,
32.889436299307704,,,,
32.871367065624426,,,,
32.848498727232275,,,,
32.83549603279756,,,,
32.832834109675886,,,,
32.83465035381143,,,,
32.84480741189479,,,,
32.8528157793407,,,,
32.85817476580829,,,,
32.86945679049557,,,,
32.88449157146253,,,,
32.89653917000815,,,,
32.906051600949766,,,,
32.91481472912889,,,,
32.92127820237939,,,,
32.93166787724616,,,,
32.9462625217085,,,,
32.96071974977109,,,,
32.976428085995394,,,,
32.986366779947325,,,,
32.989398858405096,,,,
32.989831349779934,,,,
32.98555202837969,,,,
32.97953492447433,,,,
32.972038322095344,,,,
32.95965618715416,,,,
32.9429229925141,,,,
32.932716981879786,,,,
32.92951838314623,,,,
32.92842210991585,,,,
32.93227565850979,,,,
32.933791464062985,,,,
32.932488486683624,,,,
32.93442053369155,,,,
32.938021486926964,,,,
32.93977136648625,,,,
32.940092037163055,,,,
32.939603233158806,,,,
32.937549123340816,,,,
32.937518642396604,,,,
32.939643516462624,,,,
32.94155036286301,,,,
32.94404278640874,,,,
32.944208567735984,,,,
32.941546036884844,,,,
32.93802397581486,,,,
32.932778317969074,,,,
32.92691393426218,,,,
32.92058137505298,,,,
32.912461745919536,,,,
32.902775584211504,,,,
32.898726951525674,,,,
32.900819817273145,,,,
32.90578139150208,,,,
32.91559481160306,,,,
32.92576575778697,,,,
32.93606706620131,,,,
32.950495103575584,,,,
32.968161172503564,,,,
32.977505356483626,,,,
32.97794239491472,,,,
32.97438082352898,,,,
32.963705933357915,,,,
32.95370037963877,,,,
32.94473989930247,,,,
32.93021547755584,,,,
32.91170272408373,,,,
32.902151739572524,,,,
32.90195601854075,,,,
32.90600136644962,,,,
32.91769382498229,,,,
32.927743012717144,,,,
32.93571759990684,,,,
32.949198765588676,,,,
32.96626938912935,,,,
32.975266838409084,,,,
32.976005728689195,,,,
32.972735226216194,,,,
32.96242467104861,,,,
32.95385065775113,,,,
32.9473724527833,,,,
32.9359944444564,,,,
32.92152595606829,,,,
32.91269820603751,,,,
32.909494438549416,,,,
32.90898147984456,,,,
32.913382249096905,,,,
32.91575455756863,,,,
32.91582742296795,,,,
32.91896511334343,,,,
32.92371856671964,,,,
32.924193357554536,,,,
32.92044979098476,,,,
32.91429331956129,,,,
32.90422274406008,,,,
32.89507595735145,,,,
32.88700437607607,,,,
32.87629994639472,,,,
32.863956463398,,,,
32.859364010204395,,,,
32.86302189918324,,,,
32.87118192936756,,,,
32.88642491096843,,,,
32.90233860628658,,,,
32.91870563090237,,,,
32.94103259955913,,,,
32.968080909933164,,,,
32.98584495794405,,,,
32.993712612418584,,,,
32.99755045702139,,,,
32.993624384066536,,,,
32.99161275845486,,,,
32.992000903775676,,,,
32.986717038923445,,,,
32.97775241024537,,,,
32.970937542633926,,,,
32.965764544038386,,,,
32.96073590504298,,,,
32.95713624969616,,,,
32.949381718591034,,,,
32.937186453188865,,,,
32.924319846875925,,,,
32.909498359960764,,,,
32.89627250339906,,,,
32.88532074434101,,,,
32.873995972250036,,,,
32.8633503796029,,,,
32.852191119602736,,,,
32.84028358263388,,,,
32.82914007030673,,,,
32.81849596705731,,,,
32.81305054578415,,,,
32.81355035524141,,,,
32.81766574125022,,,,
32.826889770525234,,,,
32.83891579150223,,,,
32.853738247113036,,,,
32.873949983779376,,,,
32.89923584002643,,,,
32.914491327192145,,,,
32.91870961909202,,,,
32.918954251989824,,,,
32.91112319724976,,,,
32.90483581609896,,,,
32.90067939234765,,,,
32.890284544385565,,,,
32.87563654855224,,,,
32.86868534481617,,,,
32.86947065989172,,,,
32.873605222634026,,,,
32.884106196732404,,,,
32.891821108768944,,,,
32.896298833934786,,,,
32.90464867455727,,,,
32.91491447649462,,,,
32.918615740305576,,,,
32.91573897770806,,,,
32.90893156629695,,,,
32.89598755173832,,,,
32.8836243921588,,,,
32.87201798925845,,,,
32.855882678766925,,,,
32.83655907640354,,,,
32.827702885710394,,,,
32.83000852410126,,,,
32.837912531710074,,,,
32.85513361090638,,,,
32.87231365831211,,,,
32.88908041194072,,,,
32.913396333408826,,,,
32.943412606825945,,,,
32.961358279164656,,,,
32.966567940242314,,,,
32.966288241861136,,,,
32.95581160524255,,,,
32.94764779526377,,,,
32.942403356252946,,,,
32.92975702435661,,,,
32.91228773406141,,,,
32.9050262317741,,,,
32.90812086247434,,,,
32.916150783821664,,,,
32.93298092095156,,,,
32.94714438920168,,,,
32.9581501806688,,,,
32.97503110255456,,,,
32.99539550313543,,,,
33.006006246541766,,,,
33.006650019567516,,,,
33.00196354346006,,,,
32.98847627388333,,,,
32.97623062426376,,,,
32.96557278881312,,,,
32.94846317627737,,,,
32.9269313215441,,,,
32.912184597882394,,,,
32.90429303431845,,,,
32.89926815032331,,,,
32.89997901121223,,,,
32.89770889920545,,,,
32.892080425651734,,,,
32.889892020954704,,,,
32.889313106137465,,,,
32.884698921506015,,,,
32.87631560444514,,,,
32.86559840785624,,,,
32.851177960466835,,,,
32.83812219076124,,,,
32.82658691925711,,,,
32.81289336036485,,,,
32.79811147672386,,,,
32.79032769913212,,,,
32.78995901316713,,,,
32.79395832064319,,,,
32.80456916594366,,,,
32.81617812308962,,,,
32.82865071407353,,,,
32.84681871110045,,,,
32.86963007406204,,,,
32.886973868228125,,,,
32.89855961059746,,,,
32.90856695975376,,,,
32.91437357046289,,,,
32.923278782240445,,,,
32.93569833303635,,,,
32.94576321954687,,,,
32.95503500076653,,,,
32.96075410736443,,,,
32.96189858811288,,,,
32.960792325904414,,,,
32.956388791925264,,,,
32.948728306665444,,,,
32.93782353691306,,,,
32.922597765099965,,,,
32.90291056633748,,,,
32.88970292313334,,,,
32.883719228020965,,,,
32.879536739040454,,,,
32.88008689890457,,,,
32.878577902250406,,,,
32.87449444318009,,,,
32.87373100286661,,,,
32.87482855924452,,,,
32.874065276115424,,,,
32.871857016603066,,,,
32.86901119438933,,,,
32.86473613173385,,,,
32.8626968560163,,,,
32.86306489340891,,,,
32.86341565448113,,,,
32.86458988549749,,,,
32.86730334074386,,,,
32.871436421228964,,,,
32.87730478253932,,,,
32.88511231632977,,,,
32.89390969965366,,,,
32.903798617568924,,,,
32.91547721995413,,,,
32.928818233195116,,,,
32.9361633568824,,,,
32.9368523953734,,,,
32.934436763113354,,,,
32.92674967018072,,,,
32.91848147348608,,,,
32.90984580552784,,,,
32.89655520922017,,,,
32.87950728876245,,,,
32.86963031658084,,,,
32.86736727522787,,,,
32.86807161707528,,,,
32.87462695688877,,,,
32.87948012370811,,,,
32.88221420565743,,,,
32.88907767447068,,,,
32.898488119815305,,,,
32.903414341498525,,,,
32.90396509632422,,,,
32.90242200715446,,,,
32.89703525429613,,,,
32.89352116496177,,,,
32.892115684555776,,,,
32.88849262529486,,,,
32.883865537452444,,,,
32.88067726312901,,,,
32.87866771470681,,,,
32.877515400929745,,,,
32.877780509464955,,,,
32.876916663753725,,,,
32.874879036927524,,,,
32.87340276184633,,,,
32.871951782613046,,,,
32.872768781870484,,,,
32.87626392316856,,,,
32.881013035993604,,,,
32.88770840003418,,,,
32.89553562160285,,,,
32.90442475630822,,,,
32.915422434081805,,,,
32.928399710266554,,,,
32.93720209714968,,,,
32.94141317144297,,,,
32.94389641456637,,,,
32.94297535469478,,,,
32.94252134604922,,,,
32.942761450914205,,,,
32.940299009711644,,,,
32.9359236088006,,,,
32.93053257900779,,,,
32.92372549322897,,,,
32.91554870521479,,,,
32.90606684305821,,,,
32.893811504866264,,,,
32.878662998837854,,,,
32.861313026940564,,,,
32.84135526335012,,,,
32.82842824182836,,,,
32.82348100938248,,,,
32.82161998433457,,,,
32.82556992285457,,,,
32.829843420900424,,,,
32.83409952456004,,,,
32.84349992210495,,,,
32.856966286773556,,,,
32.863564302957165,,,,
32.86298686491284,,,,
32.859776248872784,,,,
32.85110559249579,,,,
32.84474400074409,,,,
32.841139957350435,,,,
32.83401951847404,,,,
32.82504370998111,,,,
32.81989284633232,,,,
32.81835826046479,,,,
32.81888169127825,,,,
32.82285480787183,,,,
32.82538182849764,,,,
32.82630548002262,,,,
32.829242977337664,,,,
32.83316654515755,,,,
32.83846399237981,,,,
32.845597308451644,,,,
32.853691902585915,,,,
32.86298283360865,,,,
32.874228119051054,,,,
32.88741556751281,,,,
32.90242241333378,,,,
32.9194526820193,,,,
32.93192956239887,,,,
32.939257430523014,,,,
32.944723400232135,,,,
32.94648915626681,,,,
32.94835567767103,,,,
32.95056116364679,,,,
32.9495833175553,,,,
32.946177943877565,,,,
32.942374142504825,,,,
32.93783395560884,,,,
32.932020671722825,,,,
32.92529070517649,,,,
32.91546373381454,,,,
32.90235238866008,,,,
32.887243610167424,,,,
32.869567303715414,,,,
32.859869122591554,,,,
32.85926207360077,,,,
32.862312793669986,,,,
32.872031117367065,,,,
32.88254762952065,,,,
32.893500651255195,,,,
32.91051030325825,,,,
32.93243949533899,,,,
32.94823947702665,,,,
32.9576855937826,,,,
32.96536710273875,,,,
32.96847417296355,,,,
32.97500008855805,,,,
32.98544310388844,,,,
32.993465914778554,,,,
33.00081512963051,,,,
33.000576768198535,,,,
32.99127912645729,,,,
32.977348515573965,,,,
32.95654052585973,,,,
32.931210885132984,,,,
32.901496934990604,,,,
32.86408512817345,,,,
32.81927082000484,,,,
32.790645041740056,,,,
32.779880591734646,,,,
32.77584816669966,,,,
32.78499268791298,,,,
32.792598983838275,,,,
32.797780710157426,,,,
32.81351385956606,,,,
32.83679395571334,,,,
32.85298782659754,,,,
32.862477755251014,,,,
32.870334027067635,,,,
32.87305030647662,,,,
32.882640427359746,,,,
32.89978220655077,,,,
32.91564596835818,,,,
32.93292085961209,,,,
32.9411665108706,,,,
32.938394365249856,,,,
32.93143721569013,,,,
32.91705695145116,,,,
32.899112295402716,,,,
32.87798036361773,,,,
32.84875344638937,,,,
32.812075794455794,,,,
32.794074575830024,,,,
32.79644611550399,,,,
32.807094485414574,,,,
32.83310656142614,,,,
32.85794315639709,,,,
32.88062602163792,,,,
32.91558429398416,,,,
32.95942811942473,,,,
32.98372466863608,,,,
32.987619733281576,,,,
32.982381046956924,,,,
32.960543194546794,,,,
32.942403522159694,,,,
32.92891745186287,,,,
32.90350876949362,,,,
32.87037094400086,,,,
32.8551548107871,,,,
32.85828274079297,,,,
32.870397820213825,,,,
32.89817181865285,,,,
32.92233738914265,,,,
32.942109057025725,,,,
32.97286433790197,,,,
33.01063595510282,,,,
33.029198899822944,,,,
33.02787200594425,,,,
33.016401903687424,,,,
32.98785855215865,,,,
32.96153288265717,,,,
32.938162999383664,,,,
32.9020722567937,,,,
32.857164865185965,,,,
32.83068317937299,,,,
32.823290958156,,,,
32.824643307675764,,,,
32.84188146471488,,,,
32.85494000182135,,,,
32.862952792189816,,,,
32.88211202407084,,,,
32.90828582374177,,,,
32.92202935265032,,,,
32.92349046002831,,,,
32.91915836225639,,,,
32.9041364053917,,,,
32.89406087629028,,,,
32.88957707207685,,,,
32.87873243723116,,,,
32.86482912501326,,,,
32.85910031622552,,,,
32.861259763539664,,,,
32.86826438574139,,,,
32.88294314900652,,,,
32.89566642084393,,,,
32.90618899341978,,,,
32.92175643825098,,,,
32.94040145626032,,,,
32.95402237676349,,,,
32.962686076352924,,,,
32.968907771180966,,,,
32.970619576068124,,,,
32.97450906104255,,,,
32.98079439116089,,,,
32.984357751071826,,,,
32.986579098165244,,,,
32.98529386920778,,,,
32.97963958115869,,,,
32.97152350911039,,,,
32.96010587776264,,,,
32.945199499335125,,,,
32.9268019201759,,,,
32.90414979365737,,,,
32.87707196798894,,,,
32.86131458147329,,,,
32.85818638269155,,,,
32.86002483238407,,,,
32.87120026255464,,,,
32.88228430800177,,,,
32.89270809376766,,,,
32.911029948669466,,,,
32.935360505494515,,,,
32.9470052038477,,,,
32.94533867433705,,,,
32.938039951893806,,,,
32.920207645474164,,,,
32.90499450728201,,,,
32.893085954909104,,,,
32.87370740825684,,,,
32.849607719268064,,,,
32.83835776595325,,,,
32.84034062858251,,,,
32.84909302454318,,,,
32.869227377506945,,,,
32.887759020867804,,,,
32.90418519015326,,,,
32.92899785935126,,,,
32.95955715560646,,,,
32.97558223802528,,,,
32.97640230470891,,,,
32.96986598239719,,,,
32.950583576238536,,,,
32.933137346115345,,,,
32.918126875736256,,,,
32.89356801887145,,,,
32.86241502257665,,,,
32.84450379961832,,,,
32.8402242008172,,,,
32.8421025767338,,,,
32.85529653767565,,,,
32.86504100779902,,,,
32.87067756604896,,,,
32.88401134752552,,,,
32.90197412358146,,,,
32.913164056841026,,,,
32.91794145964265,,,,
32.919671799295266,,,,
32.91556494769783,,,,
32.91538861649262,,,,
32.91951828904054,,,,
32.920747239827186,,,,
32.921161617102186,,,,
32.92332349805275,,,,
32.92668048923561,,,,
32.931471890720665,,,,
32.938222514714425,,,,
32.943573180372745,,,,
32.94751920978644,,,,
32.9521594245792,,,,
32.956788291910065,,,,
32.95588508222702,,,,
32.94906814841943,,,,
32.9384072883753,,,,
32.92231556450944,,,,
32.9045222315815,,,,
32.885069574307984,,,,
32.86062449529421,,,,
32.831841964937766,,,,
32.814216369147445,,,,
32.808782345836924,,,,
32.808584479200036,,,,
32.817876878037154,,,,
32.82668296083559,,,,
32.834497043489854,,,,
32.85004924254538,,,,
32.87134466295588,,,,
32.88863721360897,,,,
32.902213552037466,,,,
32.91548579635311,,,,
32.9261408126342,,,,
32.94227611799724,,,,
32.96437703411432,,,,
32.986554112601524,,,,
33.010644794393464,,,,
33.02662595184581,,,,
33.03288279064855,,,,
33.03545886706869,,,,
33.031325958189754,,,,
33.02485095657815,,,,
33.016378617325074,,,,
33.00096204362203,,,,
32.97937531218974,,,,
32.963316136591914,,,,
32.95305715085673,,,,
32.94338324596111,,,,
32.93723268554183,,,,
32.926347082146,,,,
32.910100651587065,,,,
32.895022133177015,,,,
32.87924337276525,,,,
32.86864400774582,,,,
32.864567830392204,,,,
32.86293645156562,,,,
32.86566117298331,,,,
32.87092021055099,,,,
32.878532989922995,,,,
32.89120865057793,,,,
32.9086995414671,,,,
32.9176538188823,,,,
32.917308159181324,,,,
32.91396750479307,,,,
32.90408575646102,,,,
32.896250905898206,,,,
32.891059378341474,,,,
32.88119668480105,,,,
32.86849792776837,,,,
32.86308622187377,,,,
32.865024173139055,,,,
32.8707569699812,,,,
32.882880748584014,,,,
32.89368264925915,,,,
32.90285435626033,,,,
32.916473419466065,,,,
32.932943716928804,,,,
32.943318538633896,,,,
32.947458666536996,,,,
32.94852169711483,,,,
32.94416816547653,,,,
32.941198601035644,,,,
32.9398587636115,,,,
32.934720082738025,,,,
32.927165486532324,,,,
32.92260303595971,,,,
32.920865433131056,,,,
32.92028540999844,,,,
32.922177785889346,,,,
32.92190609827102,,,,
32.919267237036074,,,,
32.917662017033805,,,,
32.9160835112605,,,,
32.913634838337224,,,,
32.91059478342825,,,,
32.90667404357979,,,,
32.90170373565195,,,,
32.897062745923336,,,,
32.892728292135914,,,,
32.887874806121744,,,,
32.882783651056336,,,,
32.88296052662073,,,,
32.88889979913107,,,,
32.89822872032311,,,,
32.91254360086633,,,,
32.92845609373453,,,,
32.94588448631675,,,,
32.967991749764884,,,,
32.99417905135171,,,,
33.00731830919098,,,,
33.006189169626474,,,,
32.998543391406024,,,,
32.97964686065689,,,,
32.96033838992557,,,,
32.94115367006232,,,,
32.91248940983338,,,,
32.876487719482625,,,,
32.85533365030923,,,,
32.849861116348315,,,,
32.850894867916274,,,,
32.86429275904364,,,,
32.87454975957719,,,,
32.88087338340792,,,,
32.89605706534831,,,,
32.91688232206756,,,,
32.928144436171735,,,,
32.929997872457854,,,,
32.927527966972924,,,,
32.91692970369053,,,,
32.91041948854437,,,,
32.9085193876881,,,,
32.901924048795216,,,,
32.89322795666852,,,,
32.89023402658782,,,,
32.892636817359985,,,,
32.898538365813714,,,,
32.90987901001033,,,,
32.919725275579964,,,,
32.92792325263228,,,,
32.9396023565238,,,,
32.95334556946698,,,,
32.96358415953287,,,,
32.970369685710395,,,,
32.97538080810904,,,,
32.97719119612977,,,,
32.980440607193714,,,,
32.98526676615545,,,,
32.98812015225655,,,,
32.989950890077345,,,,
32.99126740057921,,,,
32.99167376274776,,,,
32.99154298729187,,,,
32.9908740995534,,,,
32.98837536227244,,,,
32.98399976405458,,,,
32.97832834278996,,,,
32.97103141215969,,,,
32.96465925826366,,,,
32.95944731025962,,,,
32.953900467253774,,,,
32.94869989939214,,,,
32.94244931057559,,,,
32.93498457372389,,,,
32.92756902451077,,,,
32.9198784369598,,,,
32.914363006816195,,,,
32.91143713283846,,,,
32.90973263384793,,,,
32.91001796855693,,,,
32.91118029549454,,,,
32.91317831101558,,,,
32.91729364700213,,,,
32.92335760203149,,,,
32.9279449991486,,,,
32.930964963335725,,,,
32.933998310576676,,,,
32.93618659874527,,,,
32.939941646884755,,,,
32.94546172007296,,,,
32.95084575740543,,,,
32.956648751632144,,,,
32.95845012650044,,,,
32.95558682123652,,,,
32.950527922689965,,,,
32.94193392951096,,,,
32.931900611847446,,,,
32.920542387969114,,,,
32.905575240766446,,,,
32.88735606924158,,,,
32.8770391963373,,,,
32.875340363058555,,,,
32.877153635325406,,,,
32.885509493613355,,,,
32.89327435383458,,,,
32.900041836027974,,,,
32.91201821264269,,,,
32.92774728515198,,,,
32.93643555312545,,,,
32.93786513460249,,,,
32.936216099160205,,,,
32.92869733892686,,,,
32.92322775942199,,,,
32.920194075582884,,,,
32.91325890941165,,,,
32.904085227656076,,,,
32.898111820161326,,,,
32.89508561673903,,,,
32.89354300962011,,,,
32.89479237090626,,,,
32.89400947948304,,,,
32.89102145103188,,,,
32.88932207516146,,,,
32.88787822660101,,,,
32.886992503546445,,,,
32.88707970534061,,,,
32.8872787227605,,,,
32.887774920473184,,,,
32.8893083151544,,,,
32.89183813433491,,,,
32.89518644262764,,,,
32.899527946695606,,,,
32.905626708624595,,,,
32.913609187124486,,,,
32.92328484676067,,,,
32.93492873484021,,,,
32.94808512359978,,,,
32.9628162999164,,,,
32.97964574208301,,,,
32.998547570026275,,,,
33.007877181487075,,,,
33.00657104410559,,,,
33.000127492061985,,,,
32.98523566645042,,,,
32.96881430140086,,,,
32.95118191516355,,,,
32.925903091547276,,,,
32.89428711910928,,,,
32.87263485673463,,,,
32.86157890895582,,,,
32.85414897076641,,,,
32.854624829750065,,,,
32.851707820291054,,,,
32.84474814615889,,,,
32.843045930330895,,,,
32.84421278283539,,,,
32.84671148274828,,,,
32.851602607511246,,,,
32.85806589988381,,,,
32.86608039329335,,,,
32.879011364940645,,,,
32.897011761267606,,,,
32.91856775687913,,,,
32.94455454999216,,,,
32.958836292016265,,,,
32.95983330159584,,,,
32.955901380136524,,,,
32.94251001295623,,,,
32.92875474246356,,,,
32.915260988528466,,,,
32.893490062618774,,,,
32.8652647994066,,,,
32.85023504676412,,,,
32.84909467233639,,,,
32.853655605742496,,,,
32.86907103161148,,,,
32.88165408555738,,,,
32.890668225847605,,,,
32.90736608670765,,,,
32.92888050354325,,,,
32.94218106883119,,,,
32.94741643708911,,,,
32.94885034231596,,,,
32.94321645250831,,,,
32.94102035079068,,,,
32.942684314958264,,,,
32.94020036726329,,,,
32.93578411153166,,,,
32.93498056334703,,,,
32.93739541298095,,,,
32.941917574243405,,,,
32.94986639392761,,,,
32.955918651527035,,,,
32.95994882747113,,,,
32.965719559718146,,,,
32.972112827657625,,,,
32.976364059723984,,,,
32.978601582350485,,,,
32.97934769122358,,,,
32.97790179353653,,,,
32.97686534395531,,,,
32.97625907283181,,,,
32.97416559484279,,,,
32.971097467057106,,,,
32.971967373240425,,,,
32.97703598701451,,,,
32.98432616669144,,,,
32.995185815020584,,,,
33.00622880999394,,,,
33.01733230369665,,,,
33.031386883989605,,,,
33.04773141836146,,,,
33.05671614219832,,,,
33.05777656465977,,,,
33.0550521076726,,,,
33.04590745726084,,,,
33.036726673394874,,,,
33.027799986197145,,,,
33.013614558426426,,,,
32.995439480556314,,,,
32.98293738300734,,,,
32.97629236065194,,,,
32.97171524127408,,,,
32.97169201622155,,,,
32.969088088277864,,,,
32.9635316390433,,,,
32.96069415416765,,,,
32.95905876934854,,,,
32.9596486397312,,,,
32.963279045805876,,,,
32.968469140296094,,,,
32.97574893874541,,,,
32.98603518086326,,,,
32.99934629004085,,,,
33.015802501569574,,,,
33.0357084410073,,,,
33.04700303034435,,,,
33.04865314468678,,,,
33.04666378890826,,,,
33.03769188263842,,,,
33.028851467979024,,,,
33.02060642872321,,,,
33.00647014425727,,,,
32.987882887032924,,,,
32.97610542921283,,,,
32.97131860808172,,,,
32.96907717635228,,,,
32.972254266095185,,,,
32.97257003968868,,,,
32.96957126318327,,,,
32.96981337988029,,,,
32.97152037751966,,,,
32.97073674061145,,,,
32.967861900171926,,,,
32.96355547890714,,,,
32.95692103132054,,,,
32.95193149705164,,,,
32.94868809758957,,,,
32.944479054456146,,,,
32.940157078598496,,,,
32.93901749792183,,,,
32.94112919846717,,,,
32.94556232141329,,,,
32.95322478311006,,,,
32.9615262338509,,,,
32.970459984163796,,,,
32.98215423488816,,,,
32.996138790945004,,,,
33.005994154821074,,,,
33.01138854402524,,,,
33.01508390842747,,,,
33.015351503651274,,,,
33.016561674364844,,,,
33.01893842190149,,,,
33.01879382072689,,,,
33.017023410761894,,,,
33.01772454543819,,,,
33.02080470006244,,,,
33.024893868318486,,,,
33.03098973078293,,,,
33.035715468397015,,,,
33.03890364481772,,,,
33.043060442250976,,,,
33.04744623190288,,,,
33.05080454221991,,,,
33.0532800801058,,,,
33.054937429924415,,,,
33.05547901146726,,,,
33.05625142780435,,,,
33.05724835463605,,,,
33.05753721317511,,,,
33.057382755232915,,,,
33.055664436130364,,,,
33.052155814391675,,,,
33.04755036981513,,,,
33.04148793827032,,,,
33.03432666604617,,,,
33.0260822722191,,,,
33.016231774954306,,,,
33.00481428483352,,,,
32.99740377574448,,,,
32.99445019469888,,,,
32.993322358871644,,,,
32.99557266743151,,,,
32.997812366931484,,,,
32.99986006371747,,,,
33.00478426867689,,,,
33.011917440731175,,,,
33.01815166915071,,,,
33.0236394270079,,,,
33.02946919819292,,,,
33.034936774747266,,,,
33.04272068946305,,,,
33.05300760446081,,,,
33.06392399242809,,,,
33.07610303342782,,,,
33.08220278406178,,,,
33.08131127161607,,,,
33.07735387624144,,,,
33.06818249766378,,,,
33.057607145536196,,,,
33.045854899885576,,,,
33.02907654625626,,,,
33.007976182431634,,,,
32.994847529691924,,,,
32.990287404004604,,,,
32.98885446404548,,,,
32.99381268012593,,,,
32.99693354072716,,,,
32.99773149906975,,,,
33.003121494441594,,,,
33.01137847661937,,,,
33.01330444633856,,,,
33.00888772017218,,,,
33.00134080534818,,,,
32.988326149707184,,,,
32.97697762352248,,,,
32.96759767077599,,,,
32.954635638658516,,,,
32.93958788659644,,,,
32.934526278079446,,,,
32.94000245856627,,,,
32.951357267536174,,,,
32.971883584869985,,,,
32.993171140010496,,,,
33.0149496735562,,,,
33.044353419508504,,,,
33.079752989104946,,,,
33.09831206179128,,,,
33.09874116738997,,,,
33.09080747045581,,,,
33.068294975821395,,,,
33.04642172061707,,,,
33.02589160648874,,,,
32.993634989717265,,,,
32.95269435675989,,,,
32.93294877696941,,,,
32.935572245055745,,,,
32.9483646169274,,,,
32.97926774990717,,,,
33.007405639215555,,,,
33.03178798082307,,,,
33.06973350770423,,,,
33.11696475153195,,,,
33.14114515725103,,,,
33.141323122020246,,,,
33.12998243738195,,,,
33.098590567064804,,,,
33.070501497216874,,,,
33.04671357042897,,,,
33.00815776738024,,,,
32.95960446738345,,,,
32.9287992618708,,,,
32.91601132473103,,,,
32.91122043192275,,,,
32.921557314400985,,,,
32.925774375983785,,,,
32.922950811042206,,,,
32.92979122886905,,,,
32.94185295493587,,,,
32.9495856808631,,,,
32.95411979414243,,,,
32.957027165012015,,,,
32.956228812178566,,,,
32.96173728843219,,,,
32.97389076673937,,,,
32.98607095993178,,,,
33.00050475415389,,,,
33.009031077180055,,,,
33.01023753254442,,,,
33.009611543158734,,,,
33.004723736105326,,,,
32.998652467725414,,,,
32.99180459004175,,,,
32.980477979429644,,,,
32.96527606426357,,,,
32.95623190933717,,,,
32.95370178594179,,,,
32.953240454309565,,,,
32.957437947205726,,,,
32.95948996813609,,,,
32.95894177401477,,,,
32.96136914871057,,,,
32.96529559554586,,,,
32.96938484686228,,,,
32.97420166581739,,,,
32.979385095347546,,,,
32.98477702797729,,,,
32.992568497520644,,,,
33.00281950215619,,,,
33.014380538334564,,,,
33.02777533277205,,,,
33.036406524941604,,,,
33.03957379087444,,,,
33.04080768569899,,,,
33.038244175409744,,,,
33.035449302714035,,,,
33.032685942604985,,,,
33.02652690045376,,,,
33.01768470512899,,,,
33.01192652665077,,,,
33.00930232438806,,,,
33.00749683066116,,,,
33.007952050419505,,,,
33.00638543666383,,,,
33.0025309238853,,,,
32.999718531759584,,,,
32.997003347873395,,,,
32.99666010709734,,,,
32.99930665206582,,,,
33.003220263099266,,,,
33.00917112676415,,,,
33.01668245748193,,,,
33.02568923415332,,,,
33.037166002959125,,,,
33.05107756975585,,,,
33.059351079837754,,,,
33.06140610856946,,,,
33.061100472710855,,,,
33.056232272403285,,,,
33.05178790158095,,,,
33.04808112738099,,,,
33.04070402012461,,,,
33.03068038669856,,,,
33.02511052063365,,,,
33.02408614775782,,,,
33.024895608600445,,,,
33.02935250153962,,,,
33.03216721076686,,,,
33.03307258370742,,,,
33.03624516341308,,,,
33.04056092481745,,,,
33.040452820088106,,,,
33.035866970769966,,,,
33.028660355720426,,,,
33.01737881498217,,,,
33.00631431501697,,,,
32.995598120298176,,,,
32.981816872955214,,,,
32.965832111046765,,,,
32.95584665556379,,,,
32.95224398627523,,,,
32.95171764940043,,,,
32.95648847129973,,,,
32.960874782690944,,,,
32.96464777276645,,,,
32.972602534006946,,,,
32.98360924635386,,,,
32.990619549951234,,,,
32.99359920009301,,,,
32.99518494636644,,,,
32.99359796619407,,,,
32.99427054867214,,,,
32.997485980012804,,,,
32.99904090414209,,,,
33.000107440906184,,,,
32.99971995595352,,,,
32.99728055387771,,,,
32.99403972602756,,,,
32.989568017710326,,,,
32.98333306397316,,,,
32.975358689521066,,,,
32.965467933326714,,,,
32.95348695987617,,,,
32.947709532218425,,,,
32.94884161228795,,,,
32.95278809261991,,,,
32.96185044786616,,,,
32.971136385893146,,,,
32.980337775207246,,,,
32.99392223305761,,,,
33.01090630864179,,,,
33.023212989309414,,,,
33.030690046144514,,,,
33.036561103443304,,,,
33.03875840993267,,,,
33.043179924536446,,,,
33.05015140923632,,,,
33.054982786545416,,,,
33.05893774196011,,,,
33.061248749919265,,,,
33.06125584349746,,,,
33.06016091542121,,,,
33.057553935422675,,,,
33.05264817527538,,,,
33.0454358574331,,,,
33.03586263503177,,,,
33.023678754349106,,,,
33.01860876998886,,,,
33.021495587163,,,,
33.027500097157414,,,,
33.03932347839009,,,,
33.051251041382805,,,,
33.062915400184984,,,,
33.07954540906035,,,,
33.099989688023484,,,,
33.10833721607327,,,,
33.10374460312175,,,,
33.0930014453117,,,,
33.0718058415944,,,,
33.050750712140434,,,,
33.030340170176125,,,,
33.00151398717221,,,,
32.96640301299067,,,,
32.94905997550648,,,,
32.95065561368673,,,,
32.96119923127177,,,,
32.987180654558856,,,,
33.01223842118094,,,,
33.0356388950378,,,,
33.07124479307106,,,,
33.11576989875929,,,,
33.14104748969713,,,,
33.146162094270466,,,,
33.14234141030397,,,,
33.12216043425117,,,,
33.1057244104637,,,,
33.09397797816335,,,,
33.07046371773379,,,,
33.039329105175405,,,,
33.021725490304924,,,,
33.017618727858355,,,,
33.01971719613379,,,,
33.03337960132318,,,,
33.04193534846504,,,,
33.04467616798065,,,,
33.0544734430733,,,,
33.06781456902069,,,,
33.074270110564974,,,,
33.07434406910459,,,,
33.07058114874677,,,,
33.06044123601862,,,,
33.05335302030499,,,,
33.049575872880354,,,,
33.042258191739016,,,,
33.03337278110341,,,,
33.024055758523595,,,,
33.013637665163394,,,,
33.002923232243745,,,,
32.99202317514188,,,,
32.978419391259024,,,,
32.96211095458652,,,,
32.94438895093081,,,,
32.92468391781351,,,,
32.91324398053904,,,,
32.911161621588704,,,,
32.91317868465305,,,,
32.92222783532298,,,,
32.93273206234776,,,,
32.94436401503673,,,,
32.962539925016486,,,,
32.986199832351254,,,,
33.00109166642645,,,,
33.00664938034374,,,,
33.009025195075964,,,,
33.00447971306736,,,,
33.002809431986535,,,,
33.004591126413736,,,,
33.00174048414466,,,,
32.996332539917866,,,,
32.9934040434304,,,,
32.992413874284786,,,,
32.99234639434886,,,,
32.994297889620945,,,,
32.9932330833251,,,,
32.98894891778741,,,,
32.98480509348212,,,,
32.979668467499536,,,,
32.97984357310209,,,,
32.98626692281964,,,,
32.99513359548611,,,,
33.008303850132656,,,,
33.022956765768704,,,,
33.0388378513204,,,,
33.05902733932156,,,,
33.08299077762978,,,,
33.09787501595442,,,,
33.102905268582305,,,,
33.103864685279696,,,,
33.097273728737356,,,,
33.091409531384315,,,,
33.0867274707732,,,,
33.07605884107714,,,,
33.06108909895746,,,,
33.04872506551333,,,,
33.038647379236195,,,,
33.02862802399646,,,,
33.02027204502131,,,,
33.00760635912861,,,,
32.99029138446137,,,,
32.97257642670882,,,,
32.95310217458313,,,,
32.94248773239231,,,,
32.942228190177175,,,,
32.94634351826266,,,,
32.95798951294137,,,,
32.972067874325155,,,,
32.98824364954152,,,,
33.01193759866913,,,,
33.04223054739694,,,,
33.06096971288607,,,,
33.067268758413384,,,,
33.06926283391709,,,,
33.06214538380301,,,,
33.05801060729562,,,,
33.05760509446491,,,,
33.05077243481527,,,,
33.040067187189216,,,,
33.03186186449361,,,,
33.02545242693354,,,,
33.01948642675384,,,,
33.01532961756229,,,,
33.00661901366341,,,,
32.99306653188898,,,,
32.9788819438401,,,,
32.962610773435124,,,,
32.95493255651237,,,,
32.9572855981248,,,,
32.96355719427373,,,,
32.976869686217945,,,,
32.992059409020804,,,,
33.008725742679516,,,,
33.03225261694088,,,,
33.06165972514272,,,,
33.0805176177286,,,,
33.08806911716114,,,,
33.09155674381581,,,,
33.086636714789016,,,,
33.08432891921934,,,,
33.085288649950364,,,,
33.08028806284794,,,,
33.07164491632402,,,,
33.061878236838844,,,,
33.05000876622333,,,,
33.03632850986054,,,,
33.02112281818882,,,,
33.00046531180597,,,,
32.97415151770004,,,,
32.94419998294805,,,,
32.909612714193244,,,,
32.89011866603326,,,,
32.887736652482985,,,,
32.89235268142655,,,,
32.90956980981155,,,,
32.928364633511144,,,,
32.948051614906994,,,,
32.979128576803106,,,,
33.01944817193313,,,,
33.04041401876638,,,,
33.040773522423216,,,,
33.03279022069677,,,,
33.008885225624574,,,,
32.98852439148414,,,,
32.97277406805739,,,,
32.94538267717759,,,,
32.91040171980486,,,,
32.891036276053995,,,,
32.887472242129505,,,,
32.89140029858232,,,,
32.908772035388594,,,,
32.92186343445373,,,,
32.929920355066855,,,,
32.94688075129893,,,,
32.96904717983623,,,,
32.98526114551425,,,,
32.996143501134426,,,,
33.00451015051344,,,,
33.0077023638283,,,,
33.015913109568736,,,,
33.02949428712304,,,,
33.041161742397755,,,,
33.05310563208867,,,,
33.05858717099155,,,,
33.05613311171302,,,,
33.05043329713623,,,,
33.039339149771585,,,,
33.02481443203873,,,,
33.007084707914444,,,,
32.98316560932971,,,,
32.953331060354834,,,,
32.932896746281855,,,,
32.922767919363395,,,,
32.91572145364457,,,,
32.91584241344872,,,,
32.91334054039971,,,,
32.907551809789986,,,,
32.90686475214839,,,,
32.909203537051155,,,,
32.910873533981665,,,,
32.91263494720445,,,,
32.91490160843407,,,,
32.91701698141574,,,,
32.92332521904046,,,,
32.9340501738428,,,,
32.94661299627378,,,,
32.96206526894609,,,,
32.971010191834075,,,,
32.97236661336293,,,,
32.97140531385622,,,,
32.965462564271824,,,,
32.95944392864271,,,,
32.953765093212944,,,,
32.9436341762527,,,,
32.930049655715926,,,,
32.925057341001946,,,,
32.92914046065009,,,,
32.93721207221778,,,,
32.952451786029094,,,,
32.96662562212334,,,,
32.97929362485727,,,,
32.997305640788824,,,,
33.01895050597862,,,,
33.0296642561972,,,,
33.02887462443689,,,,
33.02231739027649,,,,
33.006089228656414,,,,
32.990401559171005,,,,
32.975663175685696,,,,
32.953349299294466,,,,
32.92550276451152,,,,
32.908138067632656,,,,
32.90169429743612,,,,
32.899894856319555,,,,
32.906933918841894,,,,
32.91117883374767,,,,
32.912082445747544,,,,
32.91906461006677,,,,
32.929710100651995,,,,
32.93702780747593,,,,
32.941539960147665,,,,
32.94498085080614,,,,
32.94575308449543,,,,
32.95044754879573,,,,
32.95934250642073,,,,
32.96787719957095,,,,
32.977517700479666,,,,
32.98313586511039,,,,
32.983772429077355,,,,
32.98290747444796,,,,
32.97897989881563,,,,
32.973822959968025,,,,
32.96766786579083,,,,
32.95818723916241,,,,
32.94571623475029,,,,
32.93872894942975,,,,
32.93764604268472,,,,
32.93860526618095,,,,
32.94384338540497,,,,
32.947805746118874,,,,
32.95013138101294,,,,
32.95550310095471,,,,
32.962740546186986,,,,
32.96633837823533,,,,
32.9663547527803,,,,
32.964607127148646,,,,
32.95971590273777,,,,
32.956071533741145,,,,
32.95385200540676,,,,
32.9496983227089,,,,
32.94453534457945,,,,
32.93928273603972,,,,
32.9336278355126,,,,
32.9277569046691,,,,
32.92181152065804,,,,
32.91436169007583,,,,
32.90537887548278,,,,
32.895660602572256,,,,
32.88487774873975,,,,
32.87963534065998,,,,
32.880648115070294,,,,
32.884560269460906,,,,
32.8932731494286,,,,
32.90317773597632,,,,
32.914077732770764,,,,
32.92949019084043,,,,
32.948739453743755,,,,
32.96169086311091,,,,
32.967894225569616,,,,
32.97177327603808,,,,
32.97065035794953,,,,
32.97140699860768,,,,
32.97444555823855,,,,
32.97403368222993,,,,
32.97161952624986,,,,
32.974053630442015,,,,
32.98127629552331,,,,
32.99100701549458,,,,
33.004966810724966,,,,
33.01769367674416,,,,
33.02896399095509,,,,
33.04296155888251,,,,
33.05853527537447,,,,
33.06629389517389,,,,
33.065778506053626,,,,
33.060611801158515,,,,
33.04821553057258,,,,
33.035087453202635,,,,
33.02142184043075,,,,
33.00166495150037,,,,
32.97706148246487,,,,
32.9603165978657,,,,
32.95189775501303,,,,
32.94654220977573,,,,
32.94759891250991,,,,
32.94610094386387,,,,
32.941579406615574,,,,
32.9413921652537,,,,
32.943665868137344,,,,
32.94788562909936,,,,
32.95497405993952,,,,
32.96398138272297,,,,
32.97510531017655,,,,
32.99064415172153,,,,
33.01072304175443,,,,
33.03453221627964,,,,
33.062714005072344,,,,
33.07741799858233,,,,
33.0769515962261,,,,
33.07030014050856,,,,
33.05244146479084,,,,
33.033628470322626,,,,
33.01449684051805,,,,
32.985473673419754,,,,
32.94858349981997,,,,
32.927431660192056,,,,
32.922944332622144,,,,
32.92517131685187,,,,
32.94033663816998,,,,
32.95214279677186,,,,
32.95971126407716,,,,
32.97653179780572,,,,
32.999202884915825,,,,
33.01049884076665,,,,
33.0104532456704,,,,
33.004969047026684,,,,
32.98968066583662,,,,
32.978120698384835,,,,
32.97085095249074,,,,
32.95740397336759,,,,
32.940621010195215,,,,
32.93009361594136,,,,
32.925516779183035,,,,
32.924282134514606,,,,
32.928770627527406,,,,
32.93066285638729,,,,
32.929714133319536,,,,
32.93210434971359,,,,
32.93610403025112,,,,
32.93900871710766,,,,
32.941277318489014,,,,
32.943024010278876,,,,
32.94368348206066,,,,
32.946505493280036,,,,
32.95155529437211,,,,
32.9567711939611,,,,
32.96286451188237,,,,
32.96879036385201,,,,
32.97427109922545,,,,
32.98032882761659,,,,
32.98664978769948,,,,
32.9933190664079,,,,
33.00044064387224,,,,
33.00770864356914,,,,
33.015160338337196,,,,
33.01954628218777,,,,
33.020472175461485,,,,
33.019475794325594,,,,
33.01558002216914,,,,
33.010595099167915,,,,
33.00456364465617,,,,
32.99566773008282,,,,
32.984207791687844,,,,
32.97755425462165,,,,
32.97612871991101,,,,
32.976581501081235,,,,
32.980891222546056,,,,
32.984219396691486,,,,
32.98627548352695,,,,
32.991185380998985,,,,
32.997940751337126,,,,
33.00199872277724,,,,
33.00346152340908,,,,
33.003827849229395,,,,
33.00198853855099,,,,
33.0016690604159,,,,
33.003045730985754,,,,
33.00334218622837,,,,
33.00336805943912,,,,
33.00542065076334,,,,
33.009426872064736,,,,
33.01487919406049,,,,
33.022365868212816,,,,
33.02986647463306,,,,
33.03736270418873,,,,
33.04638467621533,,,,
33.056539302023424,,,,
33.05884948523057,,,,
33.0525957250302,,,,
33.04173716542444,,,,
33.02373270072183,,,,
33.00418416126406,,,,
32.983297250330665,,,,
32.955977879579486,,,,
32.92327476749505,,,,
32.90579587650373,,,,
32.90483990476578,,,,
32.91129355966028,,,,
32.930793113396234,,,,
32.949963115486284,,,,
32.968142678859145,,,,
32.99697278494205,,,,
33.033779037637146,,,,
33.05062119853153,,,,
33.04633567627082,,,,
33.03244352645836,,,,
33.00150015631222,,,,
32.972854490163755,,,,
32.94743308809756,,,,
32.90910452528582,,,,
32.861826294787555,,,,
32.83004015609197,,,,
